desi,dir,oper,veh,tst,tsi,spd,hdg,lat,long,acc,dl,odo,drst,oday,jrn,line,start,loc,stop,route,occu,timestamp,speed_diff,time_diff,calc_acc,potential_braking
15,1,40,601,2025-03-01T08:03:37.255Z,1740816217,0.02,289.0,60.223619,25.021717,-0.01,-19,3763,0,2025-03-01,75,1142,09:56,GPS,1363401.0,2015,0,2025-03-01 08:03:37.255000+00:00,-0.009999999999999998,1.0,-0.009999999999999998,False
15,1,40,601,2025-03-01T08:03:38.255Z,1740816218,0.04,289.0,60.223619,25.021717,0.02,-19,3763,0,2025-03-01,75,1142,09:56,GPS,1363401.0,2015,0,2025-03-01 08:03:38.255000+00:00,0.02,1.0,0.02,False
15,1,40,601,2025-03-01T08:03:39.255Z,1740816219,0.3,289.0,60.223619,25.021714,0.25,-19,3763,0,2025-03-01,75,1142,09:56,GPS,1363401.0,2015,0,2025-03-01 08:03:39.255000+00:00,0.26,1.0,0.26,False
15,1,40,601,2025-03-01T08:03:40.255Z,1740816220,0.76,291.0,60.223621,25.021705,0.47,-19,3763,0,2025-03-01,75,1142,09:56,GPS,1363401.0,2015,0,2025-03-01 08:03:40.255000+00:00,0.46,1.0,0.46,False
15,1,40,601,2025-03-01T08:03:41.255Z,1740816221,1.32,291.0,60.223625,25.021687,0.56,-19,3763,0,2025-03-01,75,1142,09:56,GPS,1363401.0,2015,0,2025-03-01 08:03:41.255000+00:00,0.56,1.0,0.56,False
15,1,40,601,2025-03-01T08:03:42.255Z,1740816222,2.06,291.0,60.223631,25.021659,0.73,-19,3763,0,2025-03-01,75,1142,09:56,GPS,1363401.0,2015,0,2025-03-01 08:03:42.255000+00:00,0.74,1.0,0.74,False
15,1,40,601,2025-03-01T08:03:43.255Z,1740816223,2.79,290.0,60.223639,25.021618,0.73,-19,3763,0,2025-03-01,75,1142,09:56,GPS,1363401.0,2015,0,2025-03-01 08:03:43.255000+00:00,0.73,1.0,0.73,False
15,1,40,601,2025-03-01T08:03:44.255Z,1740816224,3.56,293.0,60.22365,25.021564,0.77,-19,3763,0,2025-03-01,75,1142,09:56,GPS,1363401.0,2015,0,2025-03-01 08:03:44.255000+00:00,0.77,1.0,0.77,False
15,1,40,601,2025-03-01T08:03:45.255Z,1740816225,4.44,293.0,60.223665,25.021497,0.88,-19,3773,0,2025-03-01,75,1142,09:56,GPS,1363401.0,2015,0,2025-03-01 08:03:45.255000+00:00,0.8800000000000003,1.0,0.8800000000000003,False
15,1,40,601,2025-03-01T08:03:46.255Z,1740816226,5.26,292.0,60.223682,25.021416,0.82,-19,3773,0,2025-03-01,75,1142,09:56,GPS,1363401.0,2015,0,2025-03-01 08:03:46.255000+00:00,0.8199999999999994,1.0,0.8199999999999994,False
15,1,40,601,2025-03-01T08:03:47.255Z,1740816227,6.09,293.0,60.223702,25.021321,0.83,-19,3782,0,2025-03-01,75,1142,09:56,GPS,1363401.0,2015,0,2025-03-01 08:03:47.255000+00:00,0.8300000000000001,1.0,0.8300000000000001,False
15,1,40,601,2025-03-01T08:03:48.255Z,1740816228,6.71,292.0,60.223724,25.021214,0.62,-19,3792,0,2025-03-01,75,1142,09:56,GPS,1363401.0,2015,0,2025-03-01 08:03:48.255000+00:00,0.6200000000000001,1.0,0.6200000000000001,False
15,1,40,601,2025-03-01T08:03:49.255Z,1740816229,7.33,292.0,60.223748,25.021097,0.62,-19,3792,0,2025-03-01,75,1142,09:56,GPS,1363401.0,2015,0,2025-03-01 08:03:49.255000+00:00,0.6200000000000001,1.0,0.6200000000000001,False
15,1,40,601,2025-03-01T08:03:50.255Z,1740816230,7.98,292.0,60.223774,25.020969,0.65,-19,3802,0,2025-03-01,75,1142,09:56,GPS,1363401.0,2015,0,2025-03-01 08:03:50.255000+00:00,0.6500000000000004,1.0,0.6500000000000004,False
15,1,40,601,2025-03-01T08:03:51.255Z,1740816231,8.49,291.0,60.223802,25.020831,0.51,-50,3812,0,2025-03-01,75,1142,09:56,GPS,,2015,0,2025-03-01 08:03:51.255000+00:00,0.5099999999999998,1.0,0.5099999999999998,False
15,1,40,601,2025-03-01T08:03:52.255Z,1740816232,8.98,293.0,60.223832,25.020684,0.49,-50,3821,0,2025-03-01,75,1142,09:56,GPS,,2015,0,2025-03-01 08:03:52.255000+00:00,0.4900000000000002,1.0,0.4900000000000002,False
15,1,40,601,2025-03-01T08:03:53.255Z,1740816233,9.39,293.0,60.223864,25.020531,0.41,-50,3831,0,2025-03-01,75,1142,09:56,GPS,,2015,0,2025-03-01 08:03:53.255000+00:00,0.41000000000000014,1.0,0.41000000000000014,False
15,1,40,601,2025-03-01T08:03:54.255Z,1740816234,9.8,292.0,60.223902,25.020368,0.41,-50,3841,0,2025-03-01,75,1142,09:56,GPS,,2015,0,2025-03-01 08:03:54.255000+00:00,0.41000000000000014,1.0,0.41000000000000014,False
15,1,40,601,2025-03-01T08:03:55.255Z,1740816235,10.01,292.0,60.223935,25.020203,0.21,-50,3850,0,2025-03-01,75,1142,09:56,GPS,,2015,0,2025-03-01 08:03:55.255000+00:00,0.20999999999999908,1.0,0.20999999999999908,False
15,1,40,601,2025-03-01T08:03:56.255Z,1740816236,9.94,293.0,60.223978,25.020035,-0.07,-50,3860,0,2025-03-01,75,1142,09:56,GPS,,2015,0,2025-03-01 08:03:56.255000+00:00,-0.07000000000000028,1.0,-0.07000000000000028,False
15,1,40,601,2025-03-01T08:03:57.255Z,1740816237,9.91,293.0,60.224012,25.019869,-0.02,-50,3870,0,2025-03-01,75,1142,09:56,GPS,,2015,0,2025-03-01 08:03:57.255000+00:00,-0.02999999999999936,1.0,-0.02999999999999936,False
15,1,40,601,2025-03-01T08:03:58.254Z,1740816238,9.92,293.0,60.224049,25.019709,0.01,-50,3879,0,2025-03-01,75,1142,09:56,GPS,,2015,0,2025-03-01 08:03:58.254000+00:00,0.009999999999999787,1.0,0.009999999999999787,False
15,1,40,601,2025-03-01T08:03:59.255Z,1740816239,9.94,293.0,60.224082,25.019544,0.02,-50,3889,0,2025-03-01,75,1142,09:56,GPS,,2015,0,2025-03-01 08:03:59.255000+00:00,0.019999999999999574,1.0,0.019999999999999574,False
15,1,40,601,2025-03-01T08:04:00.255Z,1740816240,9.87,293.0,60.224112,25.019383,-0.08,-50,3899,0,2025-03-01,75,1142,09:56,GPS,,2015,0,2025-03-01 08:04:00.255000+00:00,-0.07000000000000028,1.0,-0.07000000000000028,False
15,1,40,601,2025-03-01T08:04:01.255Z,1740816241,9.78,293.0,60.224149,25.019222,-0.09,-50,3908,0,2025-03-01,75,1142,09:56,GPS,,2015,0,2025-03-01 08:04:01.255000+00:00,-0.08999999999999986,1.0,-0.08999999999999986,False
15,1,40,601,2025-03-01T08:04:02.255Z,1740816242,9.7,293.0,60.224184,25.019061,-0.08,-50,3918,0,2025-03-01,75,1142,09:56,GPS,,2015,0,2025-03-01 08:04:02.255000+00:00,-0.08000000000000007,1.0,-0.08000000000000007,False
15,1,40,601,2025-03-01T08:04:03.255Z,1740816243,9.59,293.0,60.224219,25.018899,-0.11,-50,3928,0,2025-03-01,75,1142,09:56,GPS,,2015,0,2025-03-01 08:04:03.255000+00:00,-0.10999999999999943,1.0,-0.10999999999999943,False
15,1,40,601,2025-03-01T08:04:04.255Z,1740816244,9.23,293.0,60.224253,25.018742,-0.36,-50,3928,0,2025-03-01,75,1142,09:56,GPS,,2015,0,2025-03-01 08:04:04.255000+00:00,-0.35999999999999943,1.0,-0.35999999999999943,False
15,1,40,601,2025-03-01T08:04:05.255Z,1740816245,8.75,293.0,60.224284,25.018596,-0.47,-50,3937,0,2025-03-01,75,1142,09:56,GPS,,2015,0,2025-03-01 08:04:05.255000+00:00,-0.4800000000000004,1.0,-0.4800000000000004,False
15,1,40,601,2025-03-01T08:04:06.255Z,1740816246,8.08,293.0,60.224313,25.018456,-0.67,-50,3947,0,2025-03-01,75,1142,09:56,GPS,,2015,0,2025-03-01 08:04:06.255000+00:00,-0.6699999999999999,1.0,-0.6699999999999999,False
15,1,40,601,2025-03-01T08:04:07.255Z,1740816247,7.42,292.0,60.22434,25.018327,-0.67,-50,3957,0,2025-03-01,75,1142,09:56,GPS,,2015,0,2025-03-01 08:04:07.255000+00:00,-0.6600000000000001,1.0,-0.6600000000000001,False
15,1,40,601,2025-03-01T08:04:08.255Z,1740816248,6.73,292.0,60.224364,25.018208,-0.69,-50,3966,0,2025-03-01,75,1142,09:56,GPS,,2015,0,2025-03-01 08:04:08.255000+00:00,-0.6899999999999995,1.0,-0.6899999999999995,False
15,1,40,601,2025-03-01T08:04:09.255Z,1740816249,6.16,292.0,60.224386,25.018101,-0.57,-50,3966,0,2025-03-01,75,1142,09:56,GPS,,2015,0,2025-03-01 08:04:09.255000+00:00,-0.5700000000000003,1.0,-0.5700000000000003,False
15,1,40,601,2025-03-01T08:04:10.255Z,1740816250,5.64,292.0,60.224406,25.018002,-0.52,-50,3976,0,2025-03-01,75,1142,09:56,GPS,,2015,0,2025-03-01 08:04:10.255000+00:00,-0.5200000000000005,1.0,-0.5200000000000005,False
15,1,40,601,2025-03-01T08:04:11.255Z,1740816251,5.53,292.0,60.224424,25.017909,-0.12,-50,3986,0,2025-03-01,75,1142,09:56,GPS,,2015,0,2025-03-01 08:04:11.255000+00:00,-0.10999999999999943,1.0,-0.10999999999999943,False
15,1,40,601,2025-03-01T08:04:12.255Z,1740816252,5.62,292.0,60.224444,25.017815,0.1,-50,3986,0,2025-03-01,75,1142,09:56,GPS,,2015,0,2025-03-01 08:04:12.255000+00:00,0.08999999999999986,1.0,0.08999999999999986,False
15,1,40,601,2025-03-01T08:04:13.255Z,1740816253,5.6,294.0,60.224465,25.017723,-0.02,-50,3995,0,2025-03-01,75,1142,09:56,GPS,,2015,0,2025-03-01 08:04:13.255000+00:00,-0.020000000000000462,1.0,-0.020000000000000462,False
15,1,40,601,2025-03-01T08:04:14.255Z,1740816254,5.52,297.0,60.224487,25.017633,-0.08,-50,3995,0,2025-03-01,75,1142,09:56,GPS,,2015,0,2025-03-01 08:04:14.255000+00:00,-0.08000000000000007,1.0,-0.08000000000000007,False
15,1,40,601,2025-03-01T08:04:15.255Z,1740816255,5.57,300.0,60.224511,25.017545,0.05,-50,4005,0,2025-03-01,75,1142,09:56,GPS,,2015,0,2025-03-01 08:04:15.255000+00:00,0.05000000000000071,1.0,0.05000000000000071,False
15,1,40,601,2025-03-01T08:04:16.255Z,1740816256,5.51,306.0,60.224539,25.017461,-0.06,-50,4005,0,2025-03-01,75,1142,09:56,GPS,,2015,0,2025-03-01 08:04:16.255000+00:00,-0.0600000000000005,1.0,-0.0600000000000005,False
15,1,40,601,2025-03-01T08:04:17.255Z,1740816257,5.49,311.0,60.224572,25.017383,-0.02,-50,4015,0,2025-03-01,75,1142,09:56,GPS,,2015,0,2025-03-01 08:04:17.255000+00:00,-0.019999999999999574,1.0,-0.019999999999999574,False
15,1,40,601,2025-03-01T08:04:18.256Z,1740816258,5.47,317.0,60.224607,25.017312,-0.02,-50,4015,0,2025-03-01,75,1142,09:56,GPS,,2015,0,2025-03-01 08:04:18.256000+00:00,-0.020000000000000462,1.0,-0.020000000000000462,False
15,1,40,601,2025-03-01T08:04:19.255Z,1740816259,5.17,323.0,60.224642,25.01725,-0.31,-50,4024,0,2025-03-01,75,1142,09:56,GPS,,2015,0,2025-03-01 08:04:19.255000+00:00,-0.2999999999999998,1.0,-0.2999999999999998,False
15,1,40,601,2025-03-01T08:04:20.255Z,1740816260,5.23,328.0,60.224681,25.017197,0.06,-50,4034,0,2025-03-01,75,1142,09:56,GPS,,2015,0,2025-03-01 08:04:20.255000+00:00,0.0600000000000005,1.0,0.0600000000000005,False
15,1,40,601,2025-03-01T08:04:21.254Z,1740816261,5.4,332.0,60.224722,25.017149,0.17,-50,4034,0,2025-03-01,75,1142,09:56,GPS,,2015,0,2025-03-01 08:04:21.254000+00:00,0.16999999999999993,1.0,0.16999999999999993,False
15,1,40,601,2025-03-01T08:04:22.255Z,1740816262,5.44,335.0,60.224765,25.017108,0.04,-50,4044,0,2025-03-01,75,1142,09:56,GPS,,2015,0,2025-03-01 08:04:22.255000+00:00,0.040000000000000036,1.0,0.040000000000000036,False
15,1,40,601,2025-03-01T08:04:23.255Z,1740816263,5.51,337.0,60.224813,25.017068,0.06,-50,4044,0,2025-03-01,75,1142,09:56,GPS,,2015,0,2025-03-01 08:04:23.255000+00:00,0.0699999999999994,1.0,0.0699999999999994,False
15,1,40,601,2025-03-01T08:04:24.255Z,1740816264,5.5,337.0,60.224859,25.017028,-0.01,-50,4053,0,2025-03-01,75,1142,09:56,GPS,,2015,0,2025-03-01 08:04:24.255000+00:00,-0.009999999999999787,1.0,-0.009999999999999787,False
15,1,40,601,2025-03-01T08:04:25.255Z,1740816265,5.75,337.0,60.224905,25.016989,0.25,-50,4053,0,2025-03-01,75,1142,09:56,GPS,,2015,0,2025-03-01 08:04:25.255000+00:00,0.25,1.0,0.25,False
15,1,40,601,2025-03-01T08:04:26.255Z,1740816266,6.28,337.0,60.224955,25.016945,0.52,-50,4063,0,2025-03-01,75,1142,09:56,GPS,,2015,0,2025-03-01 08:04:26.255000+00:00,0.5300000000000002,1.0,0.5300000000000002,False
15,1,40,601,2025-03-01T08:04:27.255Z,1740816267,6.84,337.0,60.22501,25.016895,0.57,-50,4073,0,2025-03-01,75,1142,09:56,GPS,,2015,0,2025-03-01 08:04:27.255000+00:00,0.5599999999999996,1.0,0.5599999999999996,False
15,1,40,601,2025-03-01T08:04:28.255Z,1740816268,7.45,338.0,60.225071,25.016843,0.61,-50,4073,0,2025-03-01,75,1142,09:56,GPS,,2015,0,2025-03-01 08:04:28.255000+00:00,0.6100000000000003,1.0,0.6100000000000003,False
15,1,40,601,2025-03-01T08:04:29.254Z,1740816269,7.9,339.0,60.225134,25.01679,0.45,-50,4082,0,2025-03-01,75,1142,09:56,GPS,,2015,0,2025-03-01 08:04:29.254000+00:00,0.4500000000000002,1.0,0.4500000000000002,False
15,1,40,601,2025-03-01T08:04:30.255Z,1740816270,8.25,337.0,60.225198,25.016736,0.35,-50,4092,0,2025-03-01,75,1142,09:56,GPS,,2015,0,2025-03-01 08:04:30.255000+00:00,0.34999999999999964,1.0,0.34999999999999964,False
15,1,40,601,2025-03-01T08:04:31.255Z,1740816271,8.51,337.0,60.225266,25.016676,0.26,-50,4102,0,2025-03-01,75,1142,09:56,GPS,,2015,0,2025-03-01 08:04:31.255000+00:00,0.2599999999999998,1.0,0.2599999999999998,False
15,1,40,601,2025-03-01T08:04:32.255Z,1740816272,8.62,337.0,60.22534,25.016616,0.11,-50,4111,0,2025-03-01,75,1142,09:56,GPS,,2015,0,2025-03-01 08:04:32.255000+00:00,0.10999999999999943,1.0,0.10999999999999943,False
15,1,40,601,2025-03-01T08:04:33.255Z,1740816273,8.56,337.0,60.225411,25.016554,-0.06,-50,4121,0,2025-03-01,75,1142,09:56,GPS,,2015,0,2025-03-01 08:04:33.255000+00:00,-0.05999999999999872,1.0,-0.05999999999999872,False
15,1,40,601,2025-03-01T08:04:34.255Z,1740816274,8.42,338.0,60.225482,25.016494,-0.14,-50,4121,0,2025-03-01,75,1142,09:56,GPS,,2015,0,2025-03-01 08:04:34.255000+00:00,-0.14000000000000057,1.0,-0.14000000000000057,False
15,1,40,601,2025-03-01T08:04:35.255Z,1740816275,8.25,338.0,60.225551,25.016436,-0.17,-50,4131,0,2025-03-01,75,1142,09:56,GPS,,2015,0,2025-03-01 08:04:35.255000+00:00,-0.16999999999999993,1.0,-0.16999999999999993,False
15,1,40,601,2025-03-01T08:04:36.255Z,1740816276,8.27,337.0,60.22562,25.016379,0.02,-50,4140,0,2025-03-01,75,1142,09:56,GPS,,2015,0,2025-03-01 08:04:36.255000+00:00,0.019999999999999574,1.0,0.019999999999999574,False
15,1,40,601,2025-03-01T08:04:37.255Z,1740816277,8.27,337.0,60.22569,25.016321,-0.0,-50,4150,0,2025-03-01,75,1142,09:56,GPS,,2015,0,2025-03-01 08:04:37.255000+00:00,0.0,1.0,0.0,False
15,1,40,601,2025-03-01T08:04:38.255Z,1740816278,8.31,338.0,60.225758,25.016264,0.05,-50,4160,0,2025-03-01,75,1142,09:56,GPS,,2015,0,2025-03-01 08:04:38.255000+00:00,0.040000000000000924,1.0,0.040000000000000924,False
15,1,40,601,2025-03-01T08:04:39.255Z,1740816279,8.29,338.0,60.225828,25.016207,-0.02,-50,4169,0,2025-03-01,75,1142,09:56,GPS,,2015,0,2025-03-01 08:04:39.255000+00:00,-0.02000000000000135,1.0,-0.02000000000000135,False
15,1,40,601,2025-03-01T08:04:40.255Z,1740816280,8.29,337.0,60.225895,25.016148,-0.0,-50,4179,0,2025-03-01,75,1142,09:56,GPS,,2015,0,2025-03-01 08:04:40.255000+00:00,0.0,1.0,0.0,False
15,1,40,601,2025-03-01T08:04:41.255Z,1740816281,8.35,337.0,60.225965,25.01609,0.06,-50,4179,0,2025-03-01,75,1142,09:56,GPS,,2015,0,2025-03-01 08:04:41.255000+00:00,0.0600000000000005,1.0,0.0600000000000005,False
15,1,40,601,2025-03-01T08:04:42.255Z,1740816282,8.35,337.0,60.226034,25.016032,0.0,-50,4189,0,2025-03-01,75,1142,09:56,GPS,,2015,0,2025-03-01 08:04:42.255000+00:00,0.0,1.0,0.0,False
15,1,40,601,2025-03-01T08:04:43.255Z,1740816283,8.33,337.0,60.226102,25.015973,-0.02,-50,4198,0,2025-03-01,75,1142,09:56,GPS,,2015,0,2025-03-01 08:04:43.255000+00:00,-0.019999999999999574,1.0,-0.019999999999999574,False
15,1,40,601,2025-03-01T08:04:44.255Z,1740816284,8.32,334.0,60.22617,25.015908,-0.01,-50,4208,0,2025-03-01,75,1142,09:56,GPS,,2015,0,2025-03-01 08:04:44.255000+00:00,-0.009999999999999787,1.0,-0.009999999999999787,False
15,1,40,601,2025-03-01T08:04:45.255Z,1740816285,8.3,330.0,60.226236,25.015838,-0.02,-50,4218,0,2025-03-01,75,1142,09:56,GPS,,2015,0,2025-03-01 08:04:45.255000+00:00,-0.019999999999999574,1.0,-0.019999999999999574,False
15,1,40,601,2025-03-01T08:04:46.255Z,1740816286,8.39,328.0,60.2263,25.01576,0.09,-50,4227,0,2025-03-01,75,1142,09:56,GPS,,2015,0,2025-03-01 08:04:46.255000+00:00,0.08999999999999986,1.0,0.08999999999999986,False
15,1,40,601,2025-03-01T08:04:47.255Z,1740816287,8.39,324.0,60.22636,25.015676,0.0,-50,4227,0,2025-03-01,75,1142,09:56,GPS,,2015,0,2025-03-01 08:04:47.255000+00:00,0.0,1.0,0.0,False
15,1,40,601,2025-03-01T08:04:48.255Z,1740816288,8.38,320.0,60.226423,25.015583,-0.0,-50,4237,0,2025-03-01,75,1142,09:56,GPS,,2015,0,2025-03-01 08:04:48.255000+00:00,-0.009999999999999787,1.0,-0.009999999999999787,False
15,1,40,601,2025-03-01T08:04:49.255Z,1740816289,8.4,316.0,60.226482,25.015487,0.01,-50,4247,0,2025-03-01,75,1142,09:56,GPS,,2015,0,2025-03-01 08:04:49.255000+00:00,0.019999999999999574,1.0,0.019999999999999574,False
15,1,40,601,2025-03-01T08:04:50.255Z,1740816290,8.41,314.0,60.226539,25.015379,0.02,-50,4256,0,2025-03-01,75,1142,09:56,GPS,,2015,0,2025-03-01 08:04:50.255000+00:00,0.009999999999999787,1.0,0.009999999999999787,False
15,1,40,601,2025-03-01T08:04:51.255Z,1740816291,8.49,311.0,60.226597,25.015264,0.08,-50,4266,0,2025-03-01,75,1142,09:56,GPS,,2015,0,2025-03-01 08:04:51.255000+00:00,0.08000000000000007,1.0,0.08000000000000007,False
15,1,40,601,2025-03-01T08:04:52.255Z,1740816292,8.6,307.0,60.226647,25.015142,0.11,-50,4276,0,2025-03-01,75,1142,09:56,GPS,,2015,0,2025-03-01 08:04:52.255000+00:00,0.10999999999999943,1.0,0.10999999999999943,False
15,1,40,601,2025-03-01T08:04:53.254Z,1740816293,8.45,303.0,60.226692,25.015017,-0.15,-50,4285,0,2025-03-01,75,1142,09:56,GPS,,2015,0,2025-03-01 08:04:53.254000+00:00,-0.15000000000000036,1.0,-0.15000000000000036,False
15,1,40,601,2025-03-01T08:04:54.255Z,1740816294,8.46,300.0,60.226734,25.014886,0.01,-50,4285,0,2025-03-01,75,1142,09:56,GPS,,2015,0,2025-03-01 08:04:54.255000+00:00,0.010000000000001563,1.0,0.010000000000001563,False
15,1,40,601,2025-03-01T08:04:55.255Z,1740816295,8.5,296.0,60.22677,25.014753,0.03,-50,4295,0,2025-03-01,75,1142,09:56,GPS,,2015,0,2025-03-01 08:04:55.255000+00:00,0.03999999999999915,1.0,0.03999999999999915,False
15,1,40,601,2025-03-01T08:04:56.255Z,1740816296,8.52,293.0,60.226799,25.014616,0.02,-50,4305,0,2025-03-01,75,1142,09:56,GPS,,2015,0,2025-03-01 08:04:56.255000+00:00,0.019999999999999574,1.0,0.019999999999999574,False
15,1,40,601,2025-03-01T08:04:57.255Z,1740816297,8.5,289.0,60.226826,25.014474,-0.02,-50,4315,0,2025-03-01,75,1142,09:56,GPS,,2015,0,2025-03-01 08:04:57.255000+00:00,-0.019999999999999574,1.0,-0.019999999999999574,False
15,1,40,601,2025-03-01T08:04:58.256Z,1740816298,8.49,288.0,60.226851,25.014328,-0.01,-50,4324,0,2025-03-01,75,1142,09:56,GPS,,2015,0,2025-03-01 08:04:58.256000+00:00,-0.009999999999999787,1.0,-0.009999999999999787,False
15,1,40,601,2025-03-01T08:04:59.254Z,1740816299,8.53,286.0,60.226872,25.01418,0.04,-50,4334,0,2025-03-01,75,1142,09:56,GPS,,2015,0,2025-03-01 08:04:59.254000+00:00,0.03999999999999915,1.0,0.03999999999999915,False
15,1,40,601,2025-03-01T08:05:00.255Z,1740816300,8.51,286.0,60.226894,25.014032,-0.02,-50,4334,0,2025-03-01,75,1142,09:56,GPS,,2015,0,2025-03-01 08:05:00.255000+00:00,-0.019999999999999574,1.0,-0.019999999999999574,False
15,1,40,601,2025-03-01T08:05:01.255Z,1740816301,8.48,286.0,60.226916,25.013883,-0.03,-50,4344,0,2025-03-01,75,1142,09:56,GPS,,2015,0,2025-03-01 08:05:01.255000+00:00,-0.02999999999999936,1.0,-0.02999999999999936,False
15,1,40,601,2025-03-01T08:05:02.255Z,1740816302,8.37,285.0,60.226936,25.013737,-0.11,-50,4353,0,2025-03-01,75,1142,09:56,GPS,,2015,0,2025-03-01 08:05:02.255000+00:00,-0.11000000000000121,1.0,-0.11000000000000121,False
15,1,40,601,2025-03-01T08:05:03.255Z,1740816303,8.25,286.0,60.226958,25.013591,-0.12,-50,4363,0,2025-03-01,75,1142,09:56,GPS,,2015,0,2025-03-01 08:05:03.255000+00:00,-0.11999999999999922,1.0,-0.11999999999999922,False
15,1,40,601,2025-03-01T08:05:04.255Z,1740816304,8.17,286.0,60.226978,25.013448,-0.08,-50,4373,0,2025-03-01,75,1142,09:56,GPS,,2015,0,2025-03-01 08:05:04.255000+00:00,-0.08000000000000007,1.0,-0.08000000000000007,False
15,1,40,601,2025-03-01T08:05:05.255Z,1740816305,8.2,286.0,60.226999,25.013306,0.03,-50,4382,0,2025-03-01,75,1142,09:56,GPS,,2015,0,2025-03-01 08:05:05.255000+00:00,0.02999999999999936,1.0,0.02999999999999936,False
15,1,40,601,2025-03-01T08:05:06.255Z,1740816306,8.25,286.0,60.227018,25.013163,0.05,-50,4392,0,2025-03-01,75,1142,09:56,GPS,,2015,0,2025-03-01 08:05:06.255000+00:00,0.05000000000000071,1.0,0.05000000000000071,False
15,1,40,601,2025-03-01T08:05:07.254Z,1740816307,8.13,287.0,60.227039,25.01302,-0.12,-50,4392,0,2025-03-01,75,1142,09:56,GPS,,2015,0,2025-03-01 08:05:07.254000+00:00,-0.11999999999999922,1.0,-0.11999999999999922,False
15,1,40,601,2025-03-01T08:05:08.255Z,1740816308,7.75,287.0,60.22706,25.012883,-0.38,-50,4402,0,2025-03-01,75,1142,09:56,GPS,,2015,0,2025-03-01 08:05:08.255000+00:00,-0.3800000000000008,1.0,-0.3800000000000008,False
15,1,40,601,2025-03-01T08:05:09.255Z,1740816309,7.36,291.0,60.227083,25.012754,-0.39,-50,4411,0,2025-03-01,75,1142,09:56,GPS,,2015,0,2025-03-01 08:05:09.255000+00:00,-0.3899999999999997,1.0,-0.3899999999999997,False
15,1,40,601,2025-03-01T08:05:10.255Z,1740816310,6.94,287.0,60.227104,25.01263,-0.42,-50,4421,0,2025-03-01,75,1142,09:56,GPS,,2015,0,2025-03-01 08:05:10.255000+00:00,-0.41999999999999993,1.0,-0.41999999999999993,False
15,1,40,601,2025-03-01T08:05:11.255Z,1740816311,6.49,285.0,60.22712,25.012513,-0.44,-50,4421,0,2025-03-01,75,1142,09:56,GPS,,2015,0,2025-03-01 08:05:11.255000+00:00,-0.4500000000000002,1.0,-0.4500000000000002,False
15,1,40,601,2025-03-01T08:05:12.255Z,1740816312,6.25,286.0,60.227136,25.012403,-0.24,-11,4431,0,2025-03-01,75,1142,09:56,GPS,1363403.0,2015,0,2025-03-01 08:05:12.255000+00:00,-0.2400000000000002,1.0,-0.2400000000000002,False
15,1,40,601,2025-03-01T08:05:13.255Z,1740816313,5.86,286.0,60.227151,25.012298,-0.39,-11,4440,0,2025-03-01,75,1142,09:56,GPS,1363403.0,2015,0,2025-03-01 08:05:13.255000+00:00,-0.3899999999999997,1.0,-0.3899999999999997,False
15,1,40,601,2025-03-01T08:05:14.255Z,1740816314,5.19,285.0,60.227165,25.012201,-0.67,-11,4440,0,2025-03-01,75,1142,09:56,GPS,1363403.0,2015,0,2025-03-01 08:05:14.255000+00:00,-0.6699999999999999,1.0,-0.6699999999999999,False
15,1,40,601,2025-03-01T08:05:15.255Z,1740816315,4.68,285.0,60.227177,25.012115,-0.51,-11,4450,0,2025-03-01,75,1142,09:56,GPS,1363403.0,2015,0,2025-03-01 08:05:15.255000+00:00,-0.5100000000000007,1.0,-0.5100000000000007,False
15,1,40,601,2025-03-01T08:05:16.255Z,1740816316,4.07,286.0,60.227187,25.012038,-0.61,-11,4450,0,2025-03-01,75,1142,09:56,GPS,1363403.0,2015,0,2025-03-01 08:05:16.255000+00:00,-0.6099999999999994,1.0,-0.6099999999999994,False
15,1,40,601,2025-03-01T08:05:17.255Z,1740816317,3.64,286.0,60.227195,25.011971,-0.44,-11,4450,0,2025-03-01,75,1142,09:56,GPS,1363403.0,2015,0,2025-03-01 08:05:17.255000+00:00,-0.43000000000000016,1.0,-0.43000000000000016,False
15,1,40,601,2025-03-01T08:05:18.255Z,1740816318,2.72,286.0,60.227202,25.011916,-0.91,-11,4460,0,2025-03-01,75,1142,09:56,GPS,1363403.0,2015,0,2025-03-01 08:05:18.255000+00:00,-0.9199999999999999,1.0,-0.9199999999999999,False
15,1,40,601,2025-03-01T08:05:19.255Z,1740816319,1.45,286.0,60.227205,25.011879,-1.27,-18,4460,0,2025-03-01,75,1142,09:56,GPS,1363403.0,2015,0,2025-03-01 08:05:19.255000+00:00,-1.2700000000000002,1.0,-1.2700000000000002,False
15,1,40,601,2025-03-01T08:05:20.255Z,1740816320,0.55,287.0,60.227206,25.011861,-0.9,-18,4460,0,2025-03-01,75,1142,09:56,GPS,1363403.0,2015,0,2025-03-01 08:05:20.255000+00:00,-0.8999999999999999,1.0,-0.8999999999999999,False
15,1,40,601,2025-03-01T08:05:21.255Z,1740816321,0.02,287.0,60.227206,25.011857,-0.53,-18,4460,0,2025-03-01,75,1142,09:56,GPS,1363403.0,2015,0,2025-03-01 08:05:21.255000+00:00,-0.53,1.0,-0.53,False
15,1,40,601,2025-03-01T08:05:22.254Z,1740816322,0.02,287.0,60.227205,25.011857,-0.01,-18,4460,0,2025-03-01,75,1142,09:56,GPS,1363403.0,2015,0,2025-03-01 08:05:22.254000+00:00,0.0,1.0,0.0,False
15,1,40,601,2025-03-01T08:05:23.255Z,1740816323,0.0,287.0,60.227205,25.011857,-0.01,-18,4460,0,2025-03-01,75,1142,09:56,GPS,1363403.0,2015,0,2025-03-01 08:05:23.255000+00:00,-0.02,1.0,-0.02,False
15,1,40,601,2025-03-01T08:05:24.255Z,1740816324,0.01,287.0,60.227204,25.011857,0.0,-18,4460,1,2025-03-01,75,1142,09:56,GPS,1363403.0,2015,0,2025-03-01 08:05:24.255000+00:00,0.01,1.0,0.01,False
15,1,40,601,2025-03-01T08:05:25.255Z,1740816325,0.0,287.0,60.227204,25.011858,-0.0,-18,4460,1,2025-03-01,75,1142,09:56,GPS,1363403.0,2015,0,2025-03-01 08:05:25.255000+00:00,-0.01,1.0,-0.01,False
15,1,40,601,2025-03-01T08:05:26.255Z,1740816326,0.0,287.0,60.227204,25.011859,-0.0,-18,4460,1,2025-03-01,75,1142,09:56,GPS,1363403.0,2015,0,2025-03-01 08:05:26.255000+00:00,0.0,1.0,0.0,False
